{"ellipse": {"cx": 228.13976377952756, "cy": 292.26377952755905}, "frame_w": 480, "frame_h": 640, "confidence": 508.0, "ts": 1771380181.261429, "timing_ms": 2.0628000020224135, "stage": "FINE", "fine_skipped": 0.0}