{"ellipse": {"cx": 298.95621579358874, "cy": 348.04143862392493}, "frame_w": 480, "frame_h": 640, "confidence": 1279.0, "ts": 1771475162.1464443, "timing_ms": 4.5458000095095485, "stage": "FINE", "fine_skipped": 0.0