{"ellipse": {"cx": 317.4274406332454, "cy": 319.70536499560245}, "frame_w": 480, "frame_h": 640, "confidence": 1137.0, "ts": 1771472374.8874042, "timing_ms": 2.342600011616014, "stage": "FINE", "fine_skipped": 0.0}